-- MySQL dump 10.13  Distrib 5.5.20, for Win64 (x86)
--
-- Host: localhost    Database: collegemgmt
-- ------------------------------------------------------
-- Server version	5.5.20

/*!40101 SET @OLD_CHARACTER_SET_CLIENT=@@CHARACTER_SET_CLIENT */;
/*!40101 SET @OLD_CHARACTER_SET_RESULTS=@@CHARACTER_SET_RESULTS */;
/*!40101 SET @OLD_COLLATION_CONNECTION=@@COLLATION_CONNECTION */;
/*!40101 SET NAMES utf8 */;
/*!40103 SET @OLD_TIME_ZONE=@@TIME_ZONE */;
/*!40103 SET TIME_ZONE='+00:00' */;
/*!40014 SET @OLD_UNIQUE_CHECKS=@@UNIQUE_CHECKS, UNIQUE_CHECKS=0 */;
/*!40014 SET @OLD_FOREIGN_KEY_CHECKS=@@FOREIGN_KEY_CHECKS, FOREIGN_KEY_CHECKS=0 */;
/*!40101 SET @OLD_SQL_MODE=@@SQL_MODE, SQL_MODE='NO_AUTO_VALUE_ON_ZERO' */;
/*!40111 SET @OLD_SQL_NOTES=@@SQL_NOTES, SQL_NOTES=0 */;

--
-- Table structure for table `assignmentfolder`
--

DROP TABLE IF EXISTS `assignmentfolder`;
/*!40101 SET @saved_cs_client     = @@character_set_client */;
/*!40101 SET character_set_client = utf8 */;
CREATE TABLE `assignmentfolder` (
  `userid` varchar(45) NOT NULL,
  `assignmentid` varchar(45) NOT NULL,
  `file` longblob NOT NULL,
  `marks` int(11) DEFAULT NULL,
  `status` tinyint(1) DEFAULT '0',
  PRIMARY KEY (`userid`,`assignmentid`) USING BTREE,
  KEY `fk21_idx` (`assignmentid`),
  CONSTRAINT `fk20` FOREIGN KEY (`userid`) REFERENCES `users` (`userid`) ON DELETE NO ACTION ON UPDATE NO ACTION,
  CONSTRAINT `fk21` FOREIGN KEY (`assignmentid`) REFERENCES `assignmentnotice` (`assignmentid`) ON DELETE NO ACTION ON UPDATE NO ACTION
) ENGINE=InnoDB DEFAULT CHARSET=latin1;
/*!40101 SET character_set_client = @saved_cs_client */;

--
-- Dumping data for table `assignmentfolder`
--

LOCK TABLES `assignmentfolder` WRITE;
/*!40000 ALTER TABLE `assignmentfolder` DISABLE KEYS */;
/*!40000 ALTER TABLE `assignmentfolder` ENABLE KEYS */;
UNLOCK TABLES;

--
-- Table structure for table `assignmentnotice`
--

DROP TABLE IF EXISTS `assignmentnotice`;
/*!40101 SET @saved_cs_client     = @@character_set_client */;
/*!40101 SET character_set_client = utf8 */;
CREATE TABLE `assignmentnotice` (
  `assignmentid` varchar(45) NOT NULL,
  `assignmentname` varchar(45) NOT NULL,
  `subjectid` varchar(45) NOT NULL,
  `classid` varchar(45) NOT NULL,
  `file` longblob NOT NULL,
  `maximarks` int(11) NOT NULL,
  `dateofallotment` date NOT NULL,
  `dateofsubmission` date NOT NULL,
  `status` tinyint(1) NOT NULL DEFAULT '0',
  `userid` varchar(45) NOT NULL,
  PRIMARY KEY (`assignmentid`),
  KEY `fk18_idx` (`subjectid`),
  KEY `fk19_idx` (`classid`),
  CONSTRAINT `fk18` FOREIGN KEY (`subjectid`) REFERENCES `subjects` (`subjectid`) ON DELETE NO ACTION ON UPDATE NO ACTION,
  CONSTRAINT `fk19` FOREIGN KEY (`classid`) REFERENCES `classes` (`classid`) ON DELETE NO ACTION ON UPDATE NO ACTION
) ENGINE=InnoDB DEFAULT CHARSET=latin1;
/*!40101 SET character_set_client = @saved_cs_client */;

--
-- Dumping data for table `assignmentnotice`
--

LOCK TABLES `assignmentnotice` WRITE;
/*!40000 ALTER TABLE `assignmentnotice` DISABLE KEYS */;
/*!40000 ALTER TABLE `assignmentnotice` ENABLE KEYS */;
UNLOCK TABLES;

--
-- Table structure for table `attendance`
--

DROP TABLE IF EXISTS `attendance`;
/*!40101 SET @saved_cs_client     = @@character_set_client */;
/*!40101 SET character_set_client = utf8 */;
CREATE TABLE `attendance` (
  `lectid` varchar(45) NOT NULL,
  `subjectid` varchar(45) NOT NULL,
  `classid` varchar(45) NOT NULL,
  `date` date NOT NULL,
  `lectsdelivered` int(11) DEFAULT NULL,
  PRIMARY KEY (`lectid`)
) ENGINE=InnoDB DEFAULT CHARSET=latin1;
/*!40101 SET character_set_client = @saved_cs_client */;

--
-- Dumping data for table `attendance`
--

LOCK TABLES `attendance` WRITE;
/*!40000 ALTER TABLE `attendance` DISABLE KEYS */;
/*!40000 ALTER TABLE `attendance` ENABLE KEYS */;
UNLOCK TABLES;

--
-- Table structure for table `branches`
--

DROP TABLE IF EXISTS `branches`;
/*!40101 SET @saved_cs_client     = @@character_set_client */;
/*!40101 SET character_set_client = utf8 */;
CREATE TABLE `branches` (
  `branchid` varchar(45) NOT NULL,
  `branchname` varchar(45) NOT NULL,
  PRIMARY KEY (`branchid`)
) ENGINE=InnoDB DEFAULT CHARSET=latin1;
/*!40101 SET character_set_client = @saved_cs_client */;

--
-- Dumping data for table `branches`
--

LOCK TABLES `branches` WRITE;
/*!40000 ALTER TABLE `branches` DISABLE KEYS */;
INSERT INTO `branches` VALUES ('cse-1','cse'),('mech-1','mech');
/*!40000 ALTER TABLE `branches` ENABLE KEYS */;
UNLOCK TABLES;

--
-- Table structure for table `classes`
--

DROP TABLE IF EXISTS `classes`;
/*!40101 SET @saved_cs_client     = @@character_set_client */;
/*!40101 SET character_set_client = utf8 */;
CREATE TABLE `classes` (
  `classid` varchar(45) NOT NULL,
  `classname` varchar(45) NOT NULL,
  `branchid` varchar(45) NOT NULL,
  `status` tinyint(1) NOT NULL DEFAULT '1',
  PRIMARY KEY (`classid`),
  KEY `fk7_idx` (`branchid`),
  CONSTRAINT `fk7` FOREIGN KEY (`branchid`) REFERENCES `branches` (`branchid`) ON DELETE NO ACTION ON UPDATE NO ACTION
) ENGINE=InnoDB DEFAULT CHARSET=latin1;
/*!40101 SET character_set_client = @saved_cs_client */;

--
-- Dumping data for table `classes`
--

LOCK TABLES `classes` WRITE;
/*!40000 ALTER TABLE `classes` DISABLE KEYS */;
INSERT INTO `classes` VALUES ('class1','3rd','cse-1',1),('class2','5th','cse-1',1),('class3','7th-a','cse-1',1),('class4','7th-b','cse-1',1),('class5','3rd','mech-1',1);
/*!40000 ALTER TABLE `classes` ENABLE KEYS */;
UNLOCK TABLES;

--
-- Table structure for table `coursematerial`
--

DROP TABLE IF EXISTS `coursematerial`;
/*!40101 SET @saved_cs_client     = @@character_set_client */;
/*!40101 SET character_set_client = utf8 */;
CREATE TABLE `coursematerial` (
  `materialid` varchar(45) NOT NULL,
  `materialname` varchar(45) NOT NULL,
  `subjectid` varchar(45) NOT NULL,
  `classid` varchar(45) NOT NULL,
  `dateupload` varchar(100) NOT NULL,
  `file` varchar(100) NOT NULL,
  `status` tinyint(1) NOT NULL DEFAULT '1',
  `userid` varchar(45) NOT NULL,
  PRIMARY KEY (`materialid`),
  KEY `fk13_idx` (`subjectid`),
  KEY `fk14_idx` (`classid`),
  CONSTRAINT `fk13` FOREIGN KEY (`subjectid`) REFERENCES `subjects` (`subjectid`) ON DELETE NO ACTION ON UPDATE NO ACTION,
  CONSTRAINT `fk14` FOREIGN KEY (`classid`) REFERENCES `classes` (`classid`) ON DELETE NO ACTION ON UPDATE NO ACTION
) ENGINE=InnoDB DEFAULT CHARSET=latin1;
/*!40101 SET character_set_client = @saved_cs_client */;

--
-- Dumping data for table `coursematerial`
--

LOCK TABLES `coursematerial` WRITE;
/*!40000 ALTER TABLE `coursematerial` DISABLE KEYS */;
INSERT INTO `coursematerial` VALUES ('34','bn','cs-105','class2','Tue Oct 29 12:32:06 IST 2013','imag005.jpg',1,'aman'),('36','bn','cs-101','class1','Tue Oct 29 12:48:49 IST 2013','Arcadian Technocrats Presentation updated.ppt',1,'aman'),('aa','dd','cs-101','class1','Tue Oct 29 12:11:35 IST 2013','data model.PNG',1,'aman'),('m123','manik','cs-101','class1','Tue Oct 29 12:04:30 IST 2013','collegemgmt.sql',1,'aman'),('manik','manik','cs-101','class1','Tue Oct 29 11:48:18 IST 2013','pom.xml',1,'aman');
/*!40000 ALTER TABLE `coursematerial` ENABLE KEYS */;
UNLOCK TABLES;

--
-- Table structure for table `gradedomains`
--

DROP TABLE IF EXISTS `gradedomains`;
/*!40101 SET @saved_cs_client     = @@character_set_client */;
/*!40101 SET character_set_client = utf8 */;
CREATE TABLE `gradedomains` (
  `domainid` varchar(45) NOT NULL,
  `domainame` varchar(45) NOT NULL,
  `maximarks` varchar(45) NOT NULL,
  PRIMARY KEY (`domainid`)
) ENGINE=InnoDB DEFAULT CHARSET=latin1;
/*!40101 SET character_set_client = @saved_cs_client */;

--
-- Dumping data for table `gradedomains`
--

LOCK TABLES `gradedomains` WRITE;
/*!40000 ALTER TABLE `gradedomains` DISABLE KEYS */;
/*!40000 ALTER TABLE `gradedomains` ENABLE KEYS */;
UNLOCK TABLES;

--
-- Table structure for table `grouppermissions`
--

DROP TABLE IF EXISTS `grouppermissions`;
/*!40101 SET @saved_cs_client     = @@character_set_client */;
/*!40101 SET character_set_client = utf8 */;
CREATE TABLE `grouppermissions` (
  `groupid` varchar(45) NOT NULL,
  `permissionid` varchar(45) NOT NULL,
  `status` tinyint(1) NOT NULL DEFAULT '1',
  PRIMARY KEY (`groupid`,`permissionid`),
  KEY `fk4_idx` (`permissionid`)
) ENGINE=InnoDB DEFAULT CHARSET=latin1;
/*!40101 SET character_set_client = @saved_cs_client */;

--
-- Dumping data for table `grouppermissions`
--

LOCK TABLES `grouppermissions` WRITE;
/*!40000 ALTER TABLE `grouppermissions` DISABLE KEYS */;
INSERT INTO `grouppermissions` VALUES ('1001','1',1),('1001','2',1),('1001','3',1),('1002','101',1),('1002','102',1),('1002','103',1),('1002','104',1),('1002','105',1),('1002','106',1),('1002','12',1),('1002','13',1),('1002','16',1),('1002','21',1),('1002','23',1),('1002','24',1),('1002','28',1),('1002','4',1),('1002','5',1),('1002','7',1),('1002','8',1),('1003','10',1),('1003','101',1),('1003','102',1),('1003','106',1),('1003','11',1),('1003','12',1),('1003','13',1),('1003','15',1),('1003','16',1),('1003','18',1),('1003','19',1),('1003','20',1),('1003','21',1),('1003','24',1),('1003','25',1),('1003','26',1),('1003','31',1),('1003','6',1),('1003','7',1),('1003','8',1),('1003','9',1),('1004','12',1),('1004','14',1),('1004','17',1),('1004','22',1),('1004','27',1),('1004','29',1),('1004','30',1),('1004','7',1);
/*!40000 ALTER TABLE `grouppermissions` ENABLE KEYS */;
UNLOCK TABLES;

--
-- Table structure for table `groups`
--

DROP TABLE IF EXISTS `groups`;
/*!40101 SET @saved_cs_client     = @@character_set_client */;
/*!40101 SET character_set_client = utf8 */;
CREATE TABLE `groups` (
  `groupid` varchar(45) NOT NULL,
  `groupname` varchar(45) NOT NULL,
  `groupdesc` varchar(150) DEFAULT NULL,
  `status` tinyint(1) NOT NULL DEFAULT '1',
  PRIMARY KEY (`groupid`)
) ENGINE=InnoDB DEFAULT CHARSET=latin1;
/*!40101 SET character_set_client = @saved_cs_client */;

--
-- Dumping data for table `groups`
--

LOCK TABLES `groups` WRITE;
/*!40000 ALTER TABLE `groups` DISABLE KEYS */;
INSERT INTO `groups` VALUES ('1001','admin','adds hod and teachers in user table',1),('1002','hod','adds student in user table and user groups automatically gets updated',1),('1003','lecturer','performs certain upload functions',1),('1004','student','end user of the product',1),('2001','cse','department of cse',1),('2002','mech','department of mech',1);
/*!40000 ALTER TABLE `groups` ENABLE KEYS */;
UNLOCK TABLES;

--
-- Table structure for table `lectures`
--

DROP TABLE IF EXISTS `lectures`;
/*!40101 SET @saved_cs_client     = @@character_set_client */;
/*!40101 SET character_set_client = utf8 */;
CREATE TABLE `lectures` (
  `lectureid` varchar(45) NOT NULL,
  `lecturename` varchar(45) NOT NULL,
  `subjectid` varchar(45) NOT NULL,
  `classid` varchar(45) NOT NULL,
  `date` date NOT NULL,
  `file` longblob NOT NULL,
  `status` tinyint(1) NOT NULL DEFAULT '1',
  `userid` varchar(45) NOT NULL,
  PRIMARY KEY (`lectureid`),
  KEY `fk15_idx` (`subjectid`),
  KEY `fk16_idx` (`classid`),
  CONSTRAINT `fk15` FOREIGN KEY (`subjectid`) REFERENCES `subjects` (`subjectid`) ON DELETE NO ACTION ON UPDATE NO ACTION,
  CONSTRAINT `fk16` FOREIGN KEY (`classid`) REFERENCES `classes` (`classid`) ON DELETE NO ACTION ON UPDATE NO ACTION
) ENGINE=InnoDB DEFAULT CHARSET=latin1;
/*!40101 SET character_set_client = @saved_cs_client */;

--
-- Dumping data for table `lectures`
--

LOCK TABLES `lectures` WRITE;
/*!40000 ALTER TABLE `lectures` DISABLE KEYS */;
/*!40000 ALTER TABLE `lectures` ENABLE KEYS */;
UNLOCK TABLES;

--
-- Table structure for table `mailing`
--

DROP TABLE IF EXISTS `mailing`;
/*!40101 SET @saved_cs_client     = @@character_set_client */;
/*!40101 SET character_set_client = utf8 */;
CREATE TABLE `mailing` (
  `messageid` varchar(45) NOT NULL,
  `receiver` varchar(45) NOT NULL,
  `message` varchar(500) NOT NULL,
  `time` time NOT NULL,
  `date` date NOT NULL,
  `flag` tinyint(1) NOT NULL DEFAULT '0',
  `sender` varchar(45) NOT NULL,
  PRIMARY KEY (`messageid`),
  KEY `fk27_idx` (`receiver`),
  KEY `fk28_idx` (`sender`),
  CONSTRAINT `fk27` FOREIGN KEY (`receiver`) REFERENCES `users` (`userid`) ON DELETE NO ACTION ON UPDATE NO ACTION,
  CONSTRAINT `fk28` FOREIGN KEY (`sender`) REFERENCES `users` (`userid`) ON DELETE NO ACTION ON UPDATE NO ACTION
) ENGINE=InnoDB DEFAULT CHARSET=latin1;
/*!40101 SET character_set_client = @saved_cs_client */;

--
-- Dumping data for table `mailing`
--

LOCK TABLES `mailing` WRITE;
/*!40000 ALTER TABLE `mailing` DISABLE KEYS */;
/*!40000 ALTER TABLE `mailing` ENABLE KEYS */;
UNLOCK TABLES;

--
-- Table structure for table `permissions`
--

DROP TABLE IF EXISTS `permissions`;
/*!40101 SET @saved_cs_client     = @@character_set_client */;
/*!40101 SET character_set_client = utf8 */;
CREATE TABLE `permissions` (
  `permissionid` varchar(45) NOT NULL,
  `permissionname` varchar(45) NOT NULL,
  `permissiondesc` varchar(150) DEFAULT NULL,
  `status` tinyint(1) NOT NULL,
  `pic` blob,
  `servletname` varchar(45) NOT NULL,
  PRIMARY KEY (`permissionid`)
) ENGINE=InnoDB DEFAULT CHARSET=latin1;
/*!40101 SET character_set_client = @saved_cs_client */;

--
-- Dumping data for table `permissions`
--

LOCK TABLES `permissions` WRITE;
/*!40000 ALTER TABLE `permissions` DISABLE KEYS */;
INSERT INTO `permissions` VALUES ('1','add user','create new user',1,'','AddUser'),('101','course content','course content',1,'\0JFIF\0\0`\0`\0\0\0C\0		\n\n\r\n\n	\r\0C\0\0P\0P\"\0\0\0\0\0\0\0\0\0\0\0\0	\n\0\0\0\0}\0!1AQa\"q2#BR$3br	\n\Z%&\'()*456789:CDEFGHIJSTUVWXYZcdefghijstuvwxyz\0\0\0\0\0\0\0\0	\n\0\0\0w\0!1AQaq\"2B	#3Rbr\n$4%\Z&\'()*56789:CDEFGHIJSTUVWXYZcdefghijstuvwxyz\0\0\0?\0(\0PN>lvOz<;nnۆ;aNBYv*\Z;(,MF*RI6ݒ0?kxk}2	A-w!\"+Khdφ8$*<\Z;˿V߃?vk\rĂ84ۭ,zVx$cȒ?l#\0P_xWH$+f̲%MUe\'`*n\0b悚hSEcA:L\r<v=T|>WjM&&ն]Ƴo19|#:Qѷ{Mm?[m\0<^Ge\\%\0	+d,:ŀYI#c1Wbjԝԗ\0qg1PNpoz=ĝŤ-m,Y1/5q^T(IYIN&QE5VdIG\'CUյ+Ke`5/$*F31\0\0I8)\nAyg׍\'Fcl,-pY$)U\0\0d]O?	|9yk~ƺNa_ĩ(?pɮGZ/u?9O;FшyX\Z?Y+?/lL\0y?|۹?M\0ؤgaĶ{mЭ&Ao\\/Q\0,ھ	POҭv+Jvt\0ZmHk.˱gBWգN\0u6H%ojw\\ֽEmk4Amon,M\"(,̀\0$@\0x<<\'us*`cJ7>$Z|?nu]ZYO(̳#(as$Hh(@Z|\0w26zj!#IG2D$+25~?{?:>\ZK?ّBP겣rM27Co#$\Z}{w?o)	H#ljWQ\0]ᬮXh{z[/-:b8\'_pO@]=jD\r?X˃Ý\Z@E?q3ew~\0\0Fg5x/g-#S6I:k\n<~Y7ʒ\\<$vsa\'7,Tg ot-Rه,=~ib\n)Uzݿ]y\\&Ƃ|%~}\0Z\0ei~:7-[p|u=NQ[.c\nO``v(Uryx\'KQK\rG}mPH/+gF\0nK6`\0\0u\Z-_q$(%N\r_ݞav#p@upT-@L\0={pbWNS8G[=h3r\0IYk	_^iq&\0\0|̂vEqY?!/5ys.<G[64\'n\0yf:~/;xO\Z$Qr{V9P_Uo{tO0_HGߢ2/DӾ\n\rk.dNӭS̺`ğ$2rdV6\0z<[,\0|\\\"V)tI[`l6GL(e9|wksm\Z\nk\"mJd?v6!\r[A}\05A\0W%o\rbj,]M\"[v^m~m+Zok$_C=gnQp\rOgi|t~_ڽ/j5+,g==3_@\0\0l\0.{\\7=\"AB0.`b9Vtto2xCO>6}dq\Zq%擟23C\Z^|ڒu%FVk7kg饷u$*nwWtn<߱GƯW}T=3:|PƎz/08Qn\rxڸ&%n~_U|\0)&h׷@g: 9`d>4oQxMo[ImmobVx$le]{7yjpPŻw9,-:&m9o61@_UtxnPw$xi T^\\mh|](Mg6qqşuX0ǌK<Gk\0[q\0W?\0&Mmmy\"6<DlH\rB diHS&bx;oK5]xwc^-Si>_p3_]#^z_jגs5@\"\"hg|EXτdߋ5H[\0~GD$1^\0>\"\'?	i<KumfbQbJrI$`G\'6zg4GK[;XAj0I$NI$kIP^owIWӲױIP4}\0zoN\\ER:R2Fihi%g_siٗ\r3UpSÁiG+ּ;^aE~ȐIkǿZvdk#s,D+lh# \Z(ueRӇit{tyS\'=}Wj\0drk6r.~h|ȧrs/omFB燼1koxű%d[gq+0TbG¿\rj)Ğ[o.f-~$7#t\0kg5\\j:w,5+xaM-b1uU2ǐ1Ǫx5t5wviu]ig~?lgAu&oVXsjv\\Q<Q8A]WVMԨޭ\Z0NZ$QEfj','CourseContent'),('102','lectures','lectures',1,'\0JFIF\0\0d\0d\0\0\0C\0		\n\n\r\n\n	\r\0C\0\0P\0P\"\0\0\0\0\0\0\0\0\0\0\0\0	\n\0\0\0\0}\0!1AQa\"q2#BR$3br	\n\Z%&\'()*456789:CDEFGHIJSTUVWXYZcdefghijstuvwxyz\0\0\0\0\0\0\0\0	\n\0\0\0w\0!1AQaq\"2B	#3Rbr\n$4%\Z&\'()*56789:CDEFGHIJSTUVWXYZcdefghijstuvwxyz\0\0\0?\0U6weD@Y\0s\\4ߵ;yZ9>\"x9ᕵ@T2l\0FiU-n5<c`ܞ7̖/I#C૞+éVeTKw=7*Qn6N\0zm\0\rO7\0\0\Z-?~ۗi^M8~?GM?U_\'43\0[S\0??o?h_ڷ6\0	>\"xMC=F,ufc]Dm/9\'#Cg<;\0	>\"h+hmhuI3c Jr\0\0>\07K\0\r\0E<d1^%n^}Ge>88C\ro//\0a\0Ey\0\0\ZcO9_z?\0\0|(\0%W\r\0[xS\0??|d|E!,p\02%vnmi]AukrXfđʄd29W?n;\r_ݓ\05S\0ék.mxZNiLiyޜJ\0c=zt\n**jW_3:ues4N-h\08\0BǨt=\0_)尸i\'|6\0~DPzfh*cG\0Ig;08;]b?H\0`Q߲Z959JNO	y&rQm\0`Q/E\ZYP?<ҿ\\,~}#X.p؟\n??:\\%B3ʰ$Um$Z<ʙ\"qih#\0/<	p<$W\0!A_Br>S__IA>#TUPP\0?>9Us57{R_gE93ҿ\Z\n0~\0Ie⋅O\0\ZkMS|hC:cs\0+lMʶDڎVETnr|twsKDa\'\0JH\rjsuoj\nv%;+Z؈ql˲ʴp+A{$^5U2# zEgq\"\"u<mnp\0󨑥֯hu.)܀F2}x5u{Sʣ\n-+/VN;σL89nkB{orqo*5\0LSrMiAJjqueߴگՏ&%O/UH/$(ݏ/ʿ$RÂ\\=S	AO	vT7@k\0+)A\ZS[4r[҇Ϋ\n*%BV\'٘Y]<YM^Vsjv|5Â h_\r0NVn\\K<؂3AV8*E|\')[|@K` uR}+iT̲e|F\ZN\\8qe\\CR*:rk+ߧ߂\nEZlm-uD7;Ew2 9>\"ǧ27&Wj[Xbc>?ލr:]ti3u9u%൹Yy]NHlpX>PeO|H-5Bx~x`7WVrc9!9*cF\Z.GIԣeˤNY,\Z~GxJm\'?M>=:sՍ2VFZB\r_Z0c˿KQӴinVwz[)y1\"2xM]BÐM!ȸm/\'9ƙ+G\ru$k&<wn}7??G.MުW\"fۜ\'C\\ԗ\Z3;\'Jm|I\'_t5[o5Ž4)#Ms\ryVo^~Ӧ`k8kRHb*#YH|kӭ=L:S˛˯\n~\rdi:c{}>G6dP} [g,O\0rk	g}a?闖&	ܪZ+ER:C^\0F_:i	p?e~Z=\Z6RdJl**H,I5X3TMi.fݭm[x_(WJTu*I;\0j+&\0gnsbĐ%Ǥ`Wv\0d~ďxQ\nIɩμ2@}>Њ	|6|?q$^]_,}mcs\'~__O|Q	jV:\0On|T	Rl7FW<d~54[=3O^ma@ E(TQ@¾O)֩1ⶍW[]_/ƽ(`hI>{aL3~^-Aծ49WmM\"I-cw^KxP~]USAv֦EE>\nm0xO\0+k^\"S\0 \"iiyM+d#ϙw\Zc2L8q/~eԌ>2ryKrV{{mn9g\rj:Fm$E(\"%e\0fBmLķפ9v{+$uE\"3J]c)c?_~\0~)Ij^#XĕPUNXH̧%iƖ\'\r)Ӗ]VCT^IFk?%/Mm5	뉭Q*-|$v8ugRi\ZoԪ8ZK*VQh','Lectures'),('103','attendance','attendance',1,'PNG\r\n\Z\n\0\0\0\rIHDR\0\0\0P\0\0\0P\0\0\0\0\0\0sRGB\0\0\0\0gAMA\0\0a\0\0\0	pHYs\0\0\0\0+\0\0\0bKGD\0\0\0\0\0\0C\0\0\0	vpAg\0\0\0\0\0@@\0\0\0%tEXtcreate-date\02009-09-28T11:27:59-04:00+\\\0\0\0%tEXtmodify-date\02009-05-29T10:46:34-04:00G<\0\0\0tEXtSoftware\0Adobe ImageReadyqe<\0\0#`IDATx^|	|]ekn=MӦF)*(\"U@~ (8\"|*# PߠhGJ)mitO6͞s{Ӧ$Qs\0?oDVT\0{wcѼ]ڐ!N|\\IS7cAfq^\0oq8\0~K	/ng6v0d\0iw;QZ`F#\r%L\'9oP \0|߮8+\0e\0V3:<\0ۖǑÒ]\0	Hpۣ~?O>!TT:a#Xa#`6+:-q7v>m\0+Nv;\Z;cNwȩ[kǣ?wJ0P]SɌ	dڌ~;q+Yy\0e4\0ZkmVjV4NC)\rg_*b?a[aQNBmvL-\\\"L:u?|\rsw C_@Ar˂8)+\"M&s<ykq&;3RN(4K001 rSl4PQPGq_9cB;bAmŮ4\\d[%#1!4#I\\`9VxSdebq\0p\nHaw1D*L3`]poQwҸOvR$ԺT\0K/N`^uE0<ٕq4$PIНA#K;#\nC?f(U(\"qYYX|ڈ\0}NnzTm;>?Cb+Q. cTggt~\'`ut2Pm$iq{niwmfD7?Vc:C; 	Yעm`y\09ª!:*ü>jy\0qu;݈vP\0[m;a; w3{Hfr\ZeL@Cq.fW\\i\0[iE(O]L<p^Dz`r(1ʦHoJjSVeI=&\",C_40{HF4Lϋ;3diIR]FQp}۴E\0-L(Zڎ8@\0n\'\\O_:*\\~U8K\'c`%ppyMˮU^9O #}ƼSyC(t#G\0YP0Rqn\r ygcZu#\n=x.=-&`KpPWZ8u.|6J|E8e\'O]{<II;w8x\0T`RLtOEºS#Nt۔a_h)*xo>l3cc1m>;;JNkJ;물󼖟[;C8W)=4\0Z99>DZ)ou:aB9\nDZKJW:c\\Թ(A	mBHpFQW(8@\rH\Z.t_@˴c∿\"\rˇ8Y9:2JPi^s+4ƎgD/b9(-Pc%R@d](9{\\~g6gi#8@eh,1%𘌆ͦ\"FKkMX	jA2)MgF+iQ	hY=J}d&NJC{~59@~R[Vqt*i.2=H~XQر)Bՙ<]DէŊ&cVgyOD\\=䙌L̞<gomf*4^pcWO~E}¦R\0\'\\DIsJ4P7X2<J\neibaF)8AD=Єh(X8/ʘ\'U0)X_Z}]J)hFy+,s1QU{\Zlқ\\u\0QA^`9c7bYRP\'C>9Ga){ԼLǞsɘ\'euzx%ުAyo=D6@t\\H<FP5ôksH\038	^*-`Q3T\Z`\0^|\\&䫡\rHo(@KW#MBAHpUjnX3	0<v	H\0%\re[ƢRXBIOTW1о_i$6MCuZq\\h&mP̨6qK&(Z;a)Ap\"Z3J,\Z&p,&F$ H7;syH~L-koilShZ\\K{Տg_:,ߐS5s!8\ZDB?ƴbaLYI̘?*1!K3̧A*BZVacRXDu}uSQ{:/s)%\'?F8P=&d2>)F|.QQ?EuD,v^h\rpr,Rn|M|AQef-@w_\0m=a_GvΊzl݃>9S.%\r-{)qI3tR&Hˢ-x֜xГ[+:M?Y߮Y?+ku{O\ZlA+i\"2PRh͸n3U&Ę.#FԪ5p[zU3&(1IuSJ4dV\0&tO`dOVR砧}3V*G(}8lfkxjjl6bc\n\"x\'Tu*	aefW0P*(U0j<a6͡QtNU=a/N\Zgew06SOԄW{fO	`z|X{-atviS\0\0+\Zf[^P4i\Z\"Mu1x^7h,E@O\nfA\0EDbqC!ǈ&EEG>7v5+gM¡C\'i9g#p<TC)qn`vW/ЯՎ	5C!k񉫿<w_(F8K)P<h_%&7N퍿n§~#F[8wL1(ߤLK^mqm0\0i#Jѡy6+%[1@1A360ƣB?B6&$̟s3uOE|bA\05d,3ڊKo$Z&,M^LԢ$\\z%:UHM4#b\nYb\09BC7flhǭym<683I?FD>%oJֳo5Ei~g%\Z߯f;>vM%Ii^\nх%E\nk&?P`@(VĐ\Zm|Obnco\"n|@]4K`IPq9Pd69{[As;r[:6aî$hy]0{ʸ\'	bR$mX\Z{@ommWI\rdGFd(s{^v?-*p*>k(2g\"?U](&dEzS.\nzc̽LFE[e$bcl:L^Ubt`7Bf۲M[Zp!Kw!A???/^ڽw41x N\')(v鑚xg||\'+*#J[U09o/{[h,LD$e\ZfF;Y4QVCCe!&{P]D炓;1i1}\ZiU[DN\"[v5\0&#eDT/N\\{\'\n!\0酌?eYϼ0+HjBƙ1ܺwx[E;:бcK*uZ=g\0\n|SN6nmGgŉKC!|)/aЁebgs+nZ_,@i	v??m؇{\0z9Pa2na=0ҢjladŃYFW.Zto{Ȋj\\/.{:cѩg2Q].~uب$;n3\ZS\rPKt)Nbw\'qw~q\0\"v;}3f}ţ1ƶ46S]f\Z.C:t塲1#D0eמgQë\"#8`E+nGfGIY2\n@͏<\nCE1ɘ2ߟt\nzʦJҸCL$L=z3]#8`I1:72rҌ1Fho1\\{=<鍠f@T~fwxP+E{,?<,cWf@1ACXpP0k)\'^TW\'<]wSfe\"xp?X^{*YfrJ)rdWa~ڎ]Aqcl\nAU\')Ps]Ԟ]8G-xT.G}nW9g33\"(IpOb+.Y1Ml	4r5D13ڝߛ\rߺ_.tbc#Q}\0rx2kP3eg$]-TI/L-$i\"*:)sŷ9ATPyΨ\0QSX/u\'qj`vMD?CZZ2?r>Zxm^`/8?qtjھ}z(zXeZkniAc_iX;lyf)KP.\"[T#j!R@`t(Fy\n+7|\0R6@sƯżchz<o8%Be~=CkBV b}3ڵvd&qVu\"̲p_\'\nhz}A}M{ha#v囹deLKQh1du6=$ ;wB0	/6\ZmHx\nv|	aH-%<皮0Fd;qMcBňXVs}=m\Z*+p׊Fy\"s7W_:,?~[PmNfNUrl2əP}	t86BTxQVwv+n]P\\|yJFEA3쑭[\"KU>:[׌Gt\'ҼWӞ=%HXP}\'vH1k7}tx\0a)7\njRqPh7jҫ|m]83p\'\"Br]+$۶ώ;#賙of2L\nε\n:RR,5*眗U\"\0GХu\"]6le\0Yjс$;Zcdl\n,HyC&8YmTiW_bJ@Sڨpa6|ň\09]5r?@ghȍUYqM\0#@M6}#Q]w\\g	%C5;ny]%\nbv3ֽ!Sq}>o+ԧNEevnI+*\Zvt]#\nRSsSiSmB\"a:Y+WRDc㐠6w@ߓa_&\0NjG9)0K	\'tz۰}~*O7BVpqf^\r?j\ra,Hi;DTjBjێ&\n<\nlCSg]s>5o[e5xaő!-k$JU6[0ei\"exo_\'w1d.d6&6H7PtT8\nsV[ʶmVk:Iեc\0QHL=1lIO|||p\'7+fJ9jPPaʕկRIE^X+s\'WxW-@wøK\"+rN?ccdu>YșTdS4lMnBoI(C:\"nN,xV5aLRЩP4ɗ~,gb%^xJm59\\(SIpju̓\n?]$I+{QB^%ړ)5chcj_Q\"M{Xr}8ڄuV=; _i\0RdaK*O2%Ð<HoO.v(tY<\\^ר^dvqMט	^sWX?nJ&9Ta#\r`r&Vo56mu\\wQ>+# P=\"!\ZB0.~?=t5ð\"[+炱CbH*qM\'N	ЊM~Ȓkڙg-28Tz8G\\T\'3<5rETϢs R2lV2f\'@x&8&ԅȮu[W2!}&ir\'l)+vNVRIF-x\0/7(l,r)K!	YjZ\n\0W{kpntx6Мښ4i)u\nrt+HkP\\AEZ}M?]$IEw&ȮX#ay=\n|w\"\n\n(`F;VF4d ^q*8Hj}jh,.@\ra/I2mFM\'YP4	Yg١-\"Ȓ[Q~}^Ht#\0z?~Sj|6ڄ?&㺢3-gOypTⓇ\0xcʞQ4_x)\\@R[R/]qݔleBMb6,J6	ӝSܐ׬tJGMMfа8_z\"ξi\\čVanAߒЖ\'fV}XeKC\"xYqqU|QP1T\0?}\"(g>rq`igC#)Mt2$\ZUUEkENnU!)W)IYP݇sfDNe?G^)b͋_xଲGɉb+@\'3NrJ5Ж22\npRK˴嗖lD?rh	oY\')&(jk8l|,H}êep~P{Xһ?\\ϯ-nO\Z߸V/~鞣6NY~|cQX\\ZxJ{w7D}\\*U3m\\l	s\Z\'˼/3dx\Z[l,;1p\Z	p#UԥhznY	~rV?Yq)8kv5ӞiJg%p(b%IBU$44LA3\"EH.rY~`aZ__݇:q\Z9F6df_eZg|rEkmŔ|\\[92t1Hlm,-_(r\'QXI3%mV0ci2vH}.(g=ZcFhbIy\"طo:[jASRiibɫ!r)}7n=2dic/hNg]Bu+؀CU*.E Ox}ӱλ1i)L\0T*Xz݁XDX~<LcJaj4ub1*vG\'P&KWW0\\֪um*PbO	n;s2{ܤ+Ar\ZZ1sqܒeg2-aydˮ__XxcPA:\'OFa!_e6F\Z1M㶗9;Xےe8ݗ\rt|WU{fˉ:= A*`M?X0ݮdLdY\rI9zX<tx.`*)\ZPSShm\0\Z J,-ĺvd\'k\ri/*,HM6xQ`J\n3Wm8ⶽHf!U,nÑk!¤zqY(ק,dJKќHõqؐ\"nnnokŋmǺ:i/ȱ\",鶰\"AL	qqCngչsIѮ	z\\Zcxqis8EQ]uu5Չr<RW\0\rj E6\n]0فݍ7dYFRe\0dWl;\ZIhVru[Vb}tl85@Q~JΊ*!{[;fVė^TTT*))w\0sWK(J䣰v)zqAuk׃NN({$X*ʴzqNL)qnL96Jg|\\4R1d|+qb~c9N7\Z延KQRR\'IOrBem1odLX}rBKl¼;/X\0\'sB%o.*ug)~bZP.9PSE]8[}Em\rMJ岷P\0\Za}`<FX+,qK+em]CP\"Z]Hhxqn(*8IMA.A1\0q@}޿	l!\\U]J<veEuWߚ&R,[`ԋ)1Q\Z7܆MX\'e@{F*\Z[ܾr@\0\0\0\0IENDB`','Attendance'),('104','assignments','assignments',1,'PNG\r\n\Z\n\0\0\0\rIHDR\0\0\0P\0\0\0P\0\0\0\0\0\0sRGB\0\0\0\0gAMA\0\0a\0\0\0	pHYs\0\0\0\0+\0\0#IDATx^\\{wu>}{vqbNB$N hD\"!	@TUV_T只(UUmZ*j	@hT\"!	<k]{~w73^M£bV;{}ss~gnE~\\2K>*c&5[ؖ pA\0A	gɖ%vfUP24\03S6I\0!Voe$HK&+i5NKCr]7!K4@\0KMiI[x\r)\"9SNہmpuٍp<7`Y\0!J\rhq\n1 W+&m1ѼNm!dl`פŇUjɔZ|1=Vp}	\0=wq|/@{~\0&eANas\Z\0A;%,_)l^\Z9)r+If9iV z6ǿJJum|ԔLk.篃خ3dsYO 82\Zs5kv>0\r@*5)\Z:Zàav	eiJ]\Z曇,gvCK9\0`	t%X<5@Š<U&crYg㋀s>}[8$`sud/ZF\0bK0&q>\\C\\-\ZCo\n\0> f|мW\0-wa\007L )\"9gv\0\0%\r2K`Q+T`DiAbA.GxqWu>`iwhYjeOyaSJD+\"ߗ\\~\0b%mb\0&UD2nkkOuoX&֚f{,hF⏀V%D M!%KUTu`3@\r{f\0\",*Xx7\01fg3[e)\nWXVu0)ME#ҕϕ	X鿭DS0?TNZIeΫGmz\Z}:a9ϝLV*Xb@hdgjz% Q IQ:_Mi43P_<uV6\rI3^y0FE5\'_\Zآ+}LsgE	\n5VDcZ_v	ɍ$BF6I?/x% x<Yo/ș`TNGe<8 d:sRZHJ\"BY&pCn0<1e<ϥ1f9@FS!X) +c7no9w\\c{<_].0a\0q(Go^ԓ	uLÃ2*S2.3.aT*\n\nE3G>/wݍ8ҿ\Z~Ė_h/vH/\\t4FnJ\0zQ|hH:;!{NJ.[R\rB`\"\rF`9{\n \'3#r<\'g2c2?%p.׷d|bҬJe).m` \Z)	) c	\nãKӤ\\(l+|S>(a7;\\:7*8pql\r hf`@u&A76\0|4+\rHZ8/ї$xmiƤ4K}f\\zLJ􃒩D4X\\A.PRgp\0כ5SVA\\!l?S}YZ}z )3&^yRoȖvRVJНp2\rie\"cpSIFG{(*Q20\ZM04Y.п9,a	f@l^FYF[gY+\0:}l`0atV\0Ni!6f\'K;!IT;(AYObH!D]\Z}ZG9\nfـdT\rҋ:t%n\"֐n=Qry驗=rrzjLLJ\ZIgG	\0{q=Kd$\nʹ9HyajUO#C\0xC2\0L4Cag;yn}\"vH8<}tȡ%{GuzL,gi^0-c͕YzS摆6dߗ΍wHߓ,][?.38CN\Z\0tQ\0 ,f⒨}$޼U``jC	@A0WZ\01OsNY\n`%NYZa$W\'T3\Zp4Bkl-CrQ9{z[\rY;cjnd b~e~Y玲OAs+,CvC\Znx-Hm~I4F4P|8	=4`5a˻fggb\\n7`96>.\0AP土(c ڙ$6p\Z]0I\rfjuk]L>) _wds/L\0Y}i\Z) ?1_G _}k\0g$(΍>iXzرCo.}&ܰW{~frA\09V\'|MI@m.رS<AkPlyz~֙<YX8!criOȁQcaJdyJXzxCUo,rÐP6\r˶ˇvB>mZQ-لLЬR>\r$LMd^8zQ	`0w\\\Z䙞1tX0YԺ!,img! \n\0S4&ឃMM4\"|U*,\Zx \n\\jbjL3tM|l:I	Z͐W\\IWLMS	=ff˕@Zү BVF\',=ɫ<,gTke8 R,I춁)pfqYWc漏=MPGU ۈX*W-Ȑ?*<#߾+}9r[匒-M	Y5!pS|}k9_-q,Z44#[k̞Tb*&8GᬙG.YLcR\ZL[C&x\0g-s}~%@g%?\\ViCQ0 ao8nPL/. bz$9SA_:x]Z+lz1Zfz;ָ*LHy\"fi1V(4٩JKyLY-_]@N@<g55|IPV|! \"8sĊ	^K&LNrl\'| M&hlq~-Ԍ1Exx3&eNʄuʘW*E@se-P/05ATۘSHLGP6W\\u10<e`l1t#N*@\" $3NPyNa>^+S>\0 gۜX_؏DTLȸX8m\0@[LI50q\0[6¢ [Z|qV7e3}N`UL7ao&dP>3(ālb\0F0&ߥ6\'%ᅜM幪RjpfBtQ?,AQG}6^㢁3̏m5ah6<T\n>>0Z*p.ڄuB:.\rDddu=#{`8ahh:&ln\nqTw5F3aMF Z&Xe&ch`<r^dԄ	`ӮHQ\0Ui@$IiKF|2\"}5#lTG\rU攁6[\0YyÃ~BʁA\0xqb#@S,ZGe`q.K0Ế[E711!I 0\\\0نVP0@c\0TjBVZnN#0dEtN3o2BkΊ\r+v!sƌLd \0\"	޵]o:|g \nT悡ṁsK` [\"T¸}&\\ZkG_+0Ke+Wdm\ne=bf섴g$\"sYY`㢰\nqvFņY\"&NB܀R\0%%4@?Wc\\P΁.@/ϐρx=hlis\01=6\0\\Jx0=i=:UDb!9ץAwqFd%0o\ZR\ZoNSO?-?<?(t2RϰT0p>0_?⁳h϶[,](|QzU^Y^B[_>04]r;$&jzs~2ߧrP\'?DJC6\rHGM\0hQRYJsU#+:\r\n-mޓmWpZ3V3\ruYcE`d+),<әh(Z\Z2:[Ee!6;gl6BYdg}_:?);95q{\0	@_H:LvNR$U|~\0K1p-p1\\@07>F1A$i*i5`f)Hv2Ѽ^\nbvL\"ۮx>d\r^(y\'1_&9h+5\'\"+H)p۫11`B77%9A(f5(jNO@[D?7mFjNҞÄҁ\'>.Jֿ//lVq5+N5&?PL·hk*-@o\",9\0n@\045#S[Ёv~\n6`=Dߝk9fd]Y+@kAbQ}n;fg*:s̋hqU\'Wb)o].@X4>\0\nFE@lÌYd>\rJ4fVFGBopZ\"Њ>&%jI=0)[Y&sZHTiC1NL;Ѯ~ӜZKXe\0\"yD\0q^~N/·Xif?HRԙuYҚ\\Kf))|oK<(N&ٍTf^=SIOE{FD?r4(+&@2nsΙ=c0U,u,&Lv?vـ@-%BriꁉA`tfpZ<\0¢hu$h<\'h-3s.\n4T7yNcbnd*i-7(5ӔK	tu\Zh}s|\'U߁\rZ`0fn`\"0 2M%U-OKYܮa]<r׋<-HFreMUT\\@8ٹϠQ/0C*2Bj!υ5៚/A㰰tLsNLlyk]V\"zAp;(sq{g.|M&\"RԄ	8vu@TV0ypƳhlA{e5GB\"A>\ZJ&p,AF#b͟AȯэU1Z/t~K`i5E>(c@Ȃ5r/Z\r@\rс$mi$rڰ<BrN066?gTF}9s6<|%I!w8SuUb,X.O=`z` [Z$VQ1	L	\nW\Z@Jd_|W)\0[BXRw\n\"5D-ٺ*Y-ɛ	@˙= [v\'!aZ	;\rg̬\n$\r[<;HnĄ(Jy\r`z+\ZZ޼zMx\0iHcw;3?ö((F3@lB0q#ӹ0A}F\0ؤm8ui%/Df7!: Zzl@(|UfӢEr%뤇^bH࢙,b \nƉt%ZMhK·8j4k\072F-cQdJ<kFOȚ-f䊙Xh4ؐ%?&]KgP6U6aj>x5B\Z43\"IgC5f~WG3<ץ~50H53+>z\n8./(էte\rП9fدyε,1a\0X@Y2u%^m>e,m17Εx3̷*3O2VMQ_yd8R+{]ýV\0WE\rs\r7 SM\'eδ-PNDU0[pҘkYd&:0y=0i4\n\'DqLY<I0&Nl(nj*Mvݿ+\\.SS28c&pRY{#J0qFNXrQCx\rАhmc%.p3¬5gI\nb2[`7qIqՃ.\0Vz߸x\rā S2؏^a!\'ݽ0XHdI50t,T:w6\0T9FSG\Zt^H8vQ4΅L<\r(K$[ҢLS箑6ߖ!߲QA\0Z渱PWGԸG\Z+3\"Q[(D!@i|LT*20	/]д,rLˀ$3zUm*Z3cr	\\kNOVJi\0D\05d9g!>\ZJ%4҃1CfU8g}im~4\"IX]^`#$xx&%lR 	p萗b2$4?U<O>xǦ\0`>4)E)9W<P@ϳr>}l ֨͛Ǯ[N::fdg+e-.A98vyype-,S+YmfĴQ2g2&3|*m<X3\"`ֹc\"󆆆26!*E%lˏnX13VA&&Nr-p|ڸ\r\n>{&xמK@1XEK/\'s#\\R4qødeU\0qi%xD]\\U5l*ϓg\'GGyi|dNStWHTPH;M)O+F:~^DǶg #[ gv&s*ri{q3+~_Ǟ6Ջ(2XD;_@M؝os6F0|5:18S8:QXJ\"Mw˖-rW.r낟>^9yhNNþ9+`4Cq`zp=+Є޷P_nPM}!]HsUiUi	J\ZD0@̝ufy3&f3pRQ<n~kM\0SnϤʁ[CN|nE\nŁ$/xS\rJG}!5J]0|ASA0\\TfKQ`Q&FHHKaGeV͟\\	\\Q^)yqCNkse1\Z^%\0/n)2j5J\0vo]\ZROu2**ʊӁ.\0E8p<dc ϲoVߋBٺutӍf^|	U7+\'?{i<fe&7&y դ#s	ylU6c}֥\',$HVM:g.\"Iu+iE2?Y8]F\\˲&^D^#{>yïЧ=2q,p%r(mL=\\e֧gӟGt#wڌ/L\0Xg.^#avmu`dP^Ko\"}?TJke{r;xvמ˭>.zHF\ZwS07(?q鞂4-YUul`gJTR})M>cSZ+a&u;O|D:5o#q\\swLr|ZxZ|>+~L_in9V1q,^)Q6蹻$:I$L\"rNt\"<	{lRȚd5̭TQSk;ZL}rw3pGeˊ<}8~5IvC2x,V7ZzQX㷴RLm~]COo?D(褴C-Caom{i9>.;}yrÍ7Cs\0WPEaߔs,q}t\0SvT=sA(l݅*dS/#b@ӒÓFtw}\\ZKCsUϡ|r_`z\0ǏI`ʖu`eWZA_EC7ʟo=&ԞǏ=bqc,	-\\7>W\n`JG+\Z@6ʋёYyܽ]`gGkC\"{_?|9;^\\_	tQ౑W/C?w~Mgdڐ2~b(~k2eMkϯ/edMDQjK9\rсo:\0Ku\0\0\0\0IENDB`','Assignments'),('105','tests','tests',1,'\0JFIF\0\0`\0`\0\0\0<CREATOR: gd-jpeg v1.0 (using IJG JPEG v62), quality = 90\n\0\0C\0		\n\n\r\n\n	\r\0C\0\0P\0P\"\0\0\0\0\0\0\0\0\0\0\0\0	\n\0\0\0\0}\0!1AQa\"q2#BR$3br	\n\Z%&\'()*456789:CDEFGHIJSTUVWXYZcdefghijstuvwxyz\0\0\0\0\0\0\0\0	\n\0\0\0w\0!1AQaq\"2B	#3Rbr\n$4%\Z&\'()*56789:CDEFGHIJSTUVWXYZcdefghijstuvwxyz\0\0\0?\054ӡ@08׃#z}1O`\rg]x\'$$£jdkZ|E4(v4[ ;ͿKo6`0c\nrAN~M2C$6lpoXT#< \0\"Xӌ`t7\nܠR@)5PY%@\'\0c899>Pۧ\\6ie-v6yO[c,lISn8aZňГt^=򷢀x  䏔6\ZeH2.U\nꏦ+YQ:ӃúE}濵qG@Gv9-X^sTohgzF.$մK7ZNRX_\'$FėHI`u57iFp\r!ZO.~b_S\'\n[\\nS#\\;\0#ob\0|G]km!>\ZmuI,+G=7awh<jfxFR㏪\0:rN\"f˚2iz7OͳO*UURndTXӭGp&\r\'=SUKu6՛8	@|Wgvbqon~4xy Yര0(&\"~	G8$w5_TR\r>/fpkh|ȭHcA,yd[Zg{8]?ZAT\'d:_f՞Y5;\'veRF	>Rb1t}6ZD%o,H䓴P3ajRe-p+\0k+By-#18\05sSvy)7?.tB̊2ʻat_-Ƙqm۶^o|%R3jym[ொl/~acG;Cx2rC$##ϔz)ڿ\0٫O\0\'IiwFu]d@\n@WM>m_\ni?hԣ\"܅5FIWf9xrx]գh8$0o#|>ѫ#%3.Jqn\'fۦ+\0q8o)|q}K_FwCeJ!Ob!gOZwc6+>*W˟{J~ZOs_^kZ:72]H,͒IZao_\0M4K(u(/,S|{WQ*\rJZ4ݖว\rZ4cB4\0?|7fek3%ku\r6.[n87ciKw3O(Dy\np\0f]jv7_ݹD\\HB4rTIb\0\0xgѬ>s.gxK?Z(eV4RU=U||;\rwTյIlñXg)4O	I	Te\rXE\0ć!@DgǢ1W1!I%TrpdbI$\r\'υҴ[k}+GBn!#v,I,K1\'s\\8pĚ5mti\ZTgYbQ㐨8\\ʴ{_O-,u=k:-ws&TҭDrb3t(lq#\r<G#N>ܞb!#*{.~xWpxR\'I.Y&dbhh\0Ԓq<YߔQb%GmVl+2^3pI<o?үQN[.vV(7שgмKi6w\r0g?3gdaJbI/%wQ#2k׼\rx^x|IˮLGY7g2\".d!#ƾMjwI\r3:/NHПWqGakw?G%<M]Z[\0qx[I9_pH(+O<=&/YS\'%6߲%׼Wc<l<SEr#^h]$n\0}Dt:BR*3I2O[)ɱjV2~}	FWa%ϭ}{6%M5t8h#xg\rխp@0YR\0wc<\0sYzO|@ׯ.nV%{l\'\'UT.$GgG)E5;gqk~$WK\"Oq^4:Մi8Tw3O qE$wXI$I$j{-<=a%ŵ$ȱ\nb@ICƑOk5tM8\\lYkϴ[mV@:tv<TC@q/˩x\ZG^5i?٤\r`TQT2K\'h\n)kKbN*]Up%\"@sc`l\"*Kp(0Ph\0``W_ڏae~,Ee13\'29.\\?^~fK :m@8;aQYZWd>$CVmKX,!6_mV^pj\'ypGyBu#O|Gi>-4Z]<G6$H;F$0*) PJ	$Q-FG3]ʑF̑I,T\0	%\0@81}OKBF^y,q\'b\0X$\nسY~-W\'ãf6dyH E{3<7:ko;ȦbV\0[g\ZIM| Wxzdz]Vv\"~y7IfwvfbK31$IYaQK>ChV!,SfqN]Bѡ=ey\0`rEu6vw1{}*OwĿ\rͥQ e8xrHysHR}A=|E>ywC;zO5\0\0|=̖#Y	FB(;&b^&r6IѴ\0hiMVVVƙ*ؒIfgfff$bI$T\0[?̓kq!00y*y@ռom}\\iz&OXLɦG3%c,l|(ÃSM\0Z毭]Lӻ^^v\"R\\ƀs*+6\\k+?IX~O܉_/-0F8\0n>#*rbH<.2d@4e񟌾!\\l[ؤXQʻϜL訦1,+{ 5m\nٴug1Hcqw,M1;te\"\'$\05.SeY!,lDQEHpTp\0X|Gl%Rf*z9PONq5YxmYGHWR\"U#klv=ĸ2LN8\00\0RPεՑ','Tests'),('106','mail','mail faculty',1,'PNG\r\n\Z\n\0\0\0\rIHDR\0\0\0P\0\0\0P\0\0\0\0\0\0gAMA\0\0|Q\0\0\0 cHRM\0\0\0\0\0\0R\0\0@\0\0}y\0\0\0\0<\0\0s<w\0\0\n9iCCPPhotoshop ICC profile\0\0HǝwTTϽwz0R޻\0{^Ea`(34!ED\"HPĀP$VDT$(1ET,oF֋oZ\0/K<Qt\0`)\0LVF_{ͅ!r_zXp3NY|\09,8%K.ϊ\Z,f%f(Aˉ9a\r>,٩<9SbL!GĈ3,F0+7T3\0IlpX\"61\"\0H	_qW,dėrIKst.ښAdp\0&+g]Rә\0Y2EE44432PuoJEzg\Z\0`̉j-\n-\0b8\0o׿M</AqVV2Og$>]9La.+-%Mȧg3YះuAxEK\ni<:ŹPcu*@~(\n ]o0 ~y*s7g%9%(3H*@\0C`-pn	VH@\nA1	jP\ZA3hA\'8΃K\Zn`Lg`a!2D!H҇ dAP	B	Byf*z:	@]h~L	CUp΅p%\0;56<\n?\Z\"GxG\niE>&2 oQEGlQPUFFuzQ7QcYG4G۠t]nB/o\'Я1\rxb\"1I>Lf3bX}\n*QYvGĩp(\r&qx)&gsF|7:~@&h!$&B%pH$D.q#xx8F|K!\\H$!i.%L\";r3EHK-AFCbH$^RSIrdd	3Rx)-))z\ZR#RsiSiT#Wd2Z2n2l2d)EBaQ6S\Z))TUEMSPgeedɆfȞ!4--VJ;N[i	g%K-sɵݖ{\'OwO%)P_RRۥEK/+))U<د8䡔TtAiF쨜\\|FyZbU)W9.Kw+YUEUOUjꂚZZZCu:C=^\\G}VCEO#OE&^WOs^K[+\\kV֔vv\Z[]n>z^^u}XRO\0m`m3h01$:f\Zь|:kG23hbabhrT4ߴw3=3Y-s.q_vǂbgբ⃥%߲rJ*֪jAe0JOY6rvvtXLǎl&I\']$NϝM.6.\\ι\"En2nnn[g=,<zD{xRby5{z[y!T<v~~\\[w?Xc &0 &IiP^P_0%8&HҐ:О0ɰpu\"\"]Qبn+.^*{Օ\nSVaƜEǆ}g60jfY.glGv9{c)LŗO%%NNtHHp/<%J	OiKťƦyiiiklY37e@2TTPGE8iY&+,Dt6/?G/g{d{kQkYk{T6卭sZWZg\r=6Dؔ|W7w(l,ⱥP_8vk66۫,b]-6)(~_*7|cԲtNN]I喍QN//*\'fϕeu{	{{G+}+4vVN]\\VXv~{~uJuupܩhj89yIcXc߷o>\Z=t٪E2}4\\j5loǄǞ~q=\'\'Z^utv&vvEv\r>mяN9-{LOgsΝK?7s>xOLn\\x}N}g/]>uɫ,u[dS@u]7ot.<30tKn]p;;SwSyoEV<R|m\\??\ZK/\'\nTLL6OMvtӉgf\n~s6bvŧK^ʿ<j٫GS_/s-m߻wY+?~O\0\0\0	pHYs\0\0\0\0+\0\0IDATx^PTZ@(\ZE%$\'Dcd&Ԧi1ֱyvʹ$N&3tƉӴ:FfL&i6 K,첏.wa]ww~Gcc!i0oZYo;s#\ZU;FѡLcCi8\Z?,g%(|weL\0\Zд\ZI@he¿\0:md<<{X\0o\ZhGg-E10\"\r˂jm6ӈHZ RېQDϾLL<$H9\r@\ZV#?Z)m\0w}]38?}Jꃸ|	1-!66A6x8Qi1LV6 Zv]w[Dmj2Y)N2pc0ӂI)Ln4=}[N2,|AJ	:XyVnHdx\rb0m^OC\'\0GYx\0)`f`=xN8Fiya:[^\008833Ӗ5S]r>m,li~l#Lge*\Zd2T燄PvV1BQw?LS89bfo2sƝIOOFYC_,Oco믾A-	#HDԕ%+ϝcƐАF(bā^LgNlJ\0q];_!ivOfc+**:v0	e\n3=-H-*FEINvC\r0[)&.(ݶoFYNݷ3>#;ܨ\ZU׍#\"\"(!!AזD8H\'\0ݶm\n]Xe<|N?@/QG>vUTZZS_:/͜q\'Adt$4ӌ4wʹnw}	x\ZΗBCUy@7X\0{r`ss\Zqh4mn|F-rftfuta\'rW<\n\"UUUҥ`P5\"8SaA[t}zn~m?@/_a\0bBʟ)NȾ_<<ԐVeC9+oHS>\nWVVRvn.*U)1\'Tϝ>MIII*z?.aj<t>P,*[rUmy	AGgG/,\\H\rf/n+ݻѣ\r>S\\XXӴS5|\nXu[H[V=z	 rI1K<w{R|D-^L_w=\')))~o[6uAv\r%|:vI\"]MD@סk^rT7*\'bc%f|2c5܎-Z~U|\"v*:KС\'Pưa+s~\ZaY,[֣\0\'p#`i`^#_+wv\\Ǫ+2I`q؅SWH)zH-6n.x٩bnZr].H0avq9>tK=o+qmkS )gA\00߱	f`}$3u>-%IW6ҬՇ?n=`&R\nNld<Ef8X=FyѴhZOrTףvTQD\rcU[z*j~ؾc}釧z}ULuMaVTZ2#\'b\ZF\r|PA{`:h}rE\'?A7J\0@4[j?ebhïƶ=e.O*[\\/$D_굾JD\0z4,	؀(֍{>>XA/\nڵx1;R7>rG7vo	(S(k5ʟ^ݘTq\"@IH{fYM3޳5d\"ʓ=1[*Ao&)<\\0zN:_T	%\n0@~Y6O_[<̺rx9CioZKkL/&v籮k\\!Isw{܀. LyQOJN&5~~Q]LL\Zcӣo |սMqu迧okT]<CF&f\ZBbm*8l=RI<4*̎\0;cx%\"e2Հ֞s5]w:uUIBy_hTnB4(LZt%Cu8Az5ւ@<SRk[a*>_ReS9[sme @\ryP~o{r<r`d-s뽞R:\0qgf\n1!MYR9߮oE)9qTeA5\0\Z;cFr:R>1gqì..I\ZA^@q/L{@TH\\~w.:saSRD2ݛ+PQ/D.\'PX\")e,9;KkzfrHi^/Q%%@}16st85@\0xn\"\"XW9(O@,~<Q<5md\0#yX*\'CWk\nN*m\0r/qJP&ֆ-9 sS^g\0QSjrVOu[!fsRoJ\"> Q5peX`[<=]-|%HkK&B eAEe\\Vtdj\0z&ǮަGnwjaCx^(ʁFmA\0\0\0\0IENDB`','Mail'),('107','grades','grades',1,'PNG\r\n\Z\n\0\0\0\rIHDR\0\0\0P\0\0\0P\0\0\0\0\0\0sRGB\0\0\0\0gAMA\0\0a\0\0\0	pHYs\0\0\0\0+\0\0\0tEXtSoftware\0Adobe ImageReadyqe<\0\0IDATx^\\\Zv9g@xD`Jl09g˲̱DH2`A,;۽}55ӳjfzzsݞzqYVx<R]]-)\rK_|!\'NL	F\0kjjR222Mdff_%ǏK.D^|Ťw݈$+dee)\0IM媫Raǎ;\0\Z)phPS*Hz!%#}ɓ\'\'mF\n$E\"\'|AddgEn-vڴoK[Dm䨋ek9k,@vCЬ}sJŒ%Rao:Xգ44Hڜq40@jkJo!{NU^^.-0ӦMw`\"e~\\e4aW_\'4T&	${wq FL\0n*dcrEӧO)Ѓgl)%_~)|PQ\0Z㏗#FHnoV1ΝRj~SՇLW\\\\,oA\0)4%jӌ 6R >v7!tyrKgJD\n}xV]}=Rr27sTn\n1i$@M2O>DY\Z\r謳n^*1LZ\0IV%,\0Ӌ.+x7k^ZrzzFS!;vw}\0@\\TSLQ1bº17U+)kw*.\\(D0AvJ&Z\Z<La~(\0-A	\ng1IP_{hdb믗2Pz<y\0\"-\"bXȱ!C *W;ѣmg\0\'sA}p< 0;_yC!ٷng{\'+`Pmvmm6\Z-9d \0<*s7mړZՇY^vo`c-Z$!|pϬY؁5{P)6Prd\']\n)`ȿ]tx@֯_\nD\0:FV=oȒ/Vq9H7\0@!br,χ{^-s0T>hr:@xvAf4k\Ze-d%YQJ/ Q&`p` 5i[n{Ԛ,2*o@`Y>P^W6o͙LJ|VNr@edw)\0w5YK!R^<;\Z!p\0EA>׬g4jNS1XZZ\0e)\0zu3@6,^i~2deI\0n:HAG&؞V^uReÉpb# Z:8%oZ\0 k\r+}{e~g>D>Iۗ-j>tbx/Spa$hU$\0:\\!P^LPA/e\nM,lPL,G8M+h\\vNìRzN:IvAQ\0|cɥ<\0%\r}Yw&5x?n(JȾz]rJ=OA&sW\0:}\rEꢼaJfųgLx4k#	\"c˨XPfN-dS%XA6x5	CӔ7ammܼYn	H#XlB6DwLiMv_5da\0v3%o8ER-{5EMs\r\0̂M6h\0$p\\DDYܰ:&bZ	ߩP]7%Tu\Z@Ek\rAȯjR+.%\nh7%԰C-]>L;80(?/A8Y5%%J½pzSI`SF(FTAhQT\0*\\\0ছiA\n]*$>4x2a\0YH\noy2J-R` #4uCa:n6Uc16PP>\\ RWwHYP\ZYbm\Z,x@xqP3]uP4B#PxnJC\r&uC>Z:n,!4ȖBc\Z2	GJ<,Z	j	;ˊJJ90at֭	R˷C%hf.E8EHΩd8 *p@+JpL%:O<]_RJ9!;p#ȐYtRdE٘	\"0oe\"niALMK.Pf:rC\rC΄L<seB1/UύȈn<\n$#|E￯-X\'A`m!hjN;iS%*/Jh MYʾuq`K.\\増_?~[vC3|h3P&G2L]\\cx>z6w~IZ[\n;k\0$he땭Y#!7@ȸ_.\0ܷ)Ϣx	ɿjN?F,qs	UdXS%,0NDb~Q=eS8\n\ZX~R9kudt2\rR`S\'DPUVJ&{PZ[Ƙ\"E:v/7[et<p^%D{A8WH:o!G`/Y\n@-L#=U)KD}Is帎p40eh̦Bh\0l.X~#	{rbἼ\rVJK12h	rH6Z\Z*_pMhZ\nxojtkLx1E| kR0nf-=!Cq5r+d	2ؐijCT	#?!ҽa>*tVۑ5Qpd#06rn,C$c@%RUV`D?]#9J.@_t\0㎽/\\zJj\\Vy\Z)p+(I	 )yζ	Jk婈p뭲Oe\'\\sFp2mwST\0nܸ1{LHG!c\"\0o\nN8RZ;!\07 ΕR˗i7B94.lDW뮓\0\"A}=~3a\0f)\n|C\0D/B46zC\n{ʔ#6Lc]F0ځZųT. vډe\"\0W\0 bP^:a#zI:z\rP~2z֣TXwV4&LpiL\"&&71Y	tݠ1YXS\'2ҦFtP)(fYP#?_ZcT턲4@!\Z3egҦbq:|aA<h1#2\"_{(ڝr6T_sR\r;~و2*Z[QI1cdSSN_dC;cԫ+yԮj((sRH\"@w\ZVקh@#;	e6m\'\"s%R\'|ҵkU`a,V\0\\D-F^g<+mX2Sr\'gfD\"wQ=[\"/F5Ӭ_$$;#˱#$m6#a!6\0n0OS8t\0\\l )Hl%0)tܮ0a=L	 ;O$#ԔH{V\"q#p8ryJBJĭ8s3c5vCߋ}d~ot?5|Ҿ\r\rۑTOA$:a稧@Nn.eA iI٘/I|!8lɀgR\nۃhzmc)}OocTzP1e:gi¸M@h.6;3FoM/ׅ:(n]L=gOcȤg&u{ȑ*U=||Us7\ZPSy\ZF:.۸$ale\n(dy{\"Mw<nd-\nW|,ΤG0Qp,\03\0,dV!s\0#K*thDF^<e;V~	nf\\&KY\rz~i_}UV`ќ{E68\na\0gz0V`\"RT|2o6!Eo0vȷ?4)o`|\0A\Z	8#@PXUVcYi@	1cqI\"},lШDԑP.~5\0,o7xklC㴡R9tMx \riz!pNVj\ZOT9ځ[+[Z_ڬ\'7|h,j;Nu}%ߵ{E\ZhՇrAӍ>T;3\r>Pn]Q0)L57yT\r>I/[R]Ԭg΍@N&Z+V\ZD+:\rz\nՔg=.	\rL,O \0)\'\rV-ˣDO`s= jj\0jcG-鰔n{NgB*7}n`tvL-YYX|_\"RI\0\0\0\0IENDB`','Grades');
/*!40000 ALTER TABLE `permissions` ENABLE KEYS */;
UNLOCK TABLES;

--
-- Table structure for table `personaldetails`
--

DROP TABLE IF EXISTS `personaldetails`;
/*!40101 SET @saved_cs_client     = @@character_set_client */;
/*!40101 SET character_set_client = utf8 */;
CREATE TABLE `personaldetails` (
  `userid` varchar(45) NOT NULL,
  `first_name` varchar(45) NOT NULL,
  `middle_name` varchar(45) DEFAULT NULL,
  `last_name` varchar(45) DEFAULT NULL,
  `gender` varchar(20) NOT NULL,
  `dob` date DEFAULT NULL,
  `address` varchar(80) NOT NULL,
  `email` varchar(60) DEFAULT NULL,
  `mobile` int(11) NOT NULL,
  `image` blob,
  PRIMARY KEY (`userid`),
  CONSTRAINT `fk17` FOREIGN KEY (`userid`) REFERENCES `users` (`userid`) ON DELETE NO ACTION ON UPDATE NO ACTION
) ENGINE=InnoDB DEFAULT CHARSET=latin1;
/*!40101 SET character_set_client = @saved_cs_client */;

--
-- Dumping data for table `personaldetails`
--

LOCK TABLES `personaldetails` WRITE;
/*!40000 ALTER TABLE `personaldetails` DISABLE KEYS */;
/*!40000 ALTER TABLE `personaldetails` ENABLE KEYS */;
UNLOCK TABLES;

--
-- Table structure for table `specialpermissions`
--

DROP TABLE IF EXISTS `specialpermissions`;
/*!40101 SET @saved_cs_client     = @@character_set_client */;
/*!40101 SET character_set_client = utf8 */;
CREATE TABLE `specialpermissions` (
  `userid` varchar(45) NOT NULL,
  `permissionid` varchar(45) NOT NULL,
  `status` tinyint(1) NOT NULL,
  PRIMARY KEY (`userid`,`permissionid`),
  KEY `fk6_idx` (`permissionid`),
  CONSTRAINT `fk5` FOREIGN KEY (`userid`) REFERENCES `users` (`userid`) ON DELETE NO ACTION ON UPDATE NO ACTION
) ENGINE=InnoDB DEFAULT CHARSET=latin1;
/*!40101 SET character_set_client = @saved_cs_client */;

--
-- Dumping data for table `specialpermissions`
--

LOCK TABLES `specialpermissions` WRITE;
/*!40000 ALTER TABLE `specialpermissions` DISABLE KEYS */;
/*!40000 ALTER TABLE `specialpermissions` ENABLE KEYS */;
UNLOCK TABLES;

--
-- Table structure for table `subjectclasses`
--

DROP TABLE IF EXISTS `subjectclasses`;
/*!40101 SET @saved_cs_client     = @@character_set_client */;
/*!40101 SET character_set_client = utf8 */;
CREATE TABLE `subjectclasses` (
  `subjectid` varchar(45) NOT NULL,
  `classid` varchar(45) NOT NULL,
  `status` tinyint(1) NOT NULL DEFAULT '1',
  PRIMARY KEY (`subjectid`,`classid`) USING BTREE,
  KEY `fk9_idx` (`classid`),
  CONSTRAINT `fk8` FOREIGN KEY (`subjectid`) REFERENCES `subjects` (`subjectid`) ON DELETE NO ACTION ON UPDATE NO ACTION,
  CONSTRAINT `fk9` FOREIGN KEY (`classid`) REFERENCES `classes` (`classid`) ON DELETE NO ACTION ON UPDATE NO ACTION
) ENGINE=InnoDB DEFAULT CHARSET=latin1;
/*!40101 SET character_set_client = @saved_cs_client */;

--
-- Dumping data for table `subjectclasses`
--

LOCK TABLES `subjectclasses` WRITE;
/*!40000 ALTER TABLE `subjectclasses` DISABLE KEYS */;
INSERT INTO `subjectclasses` VALUES ('cs-101','class1',1),('cs-102','class1',1),('cs-103','class1',1),('cs-104','class1',1),('cs-105','class2',1),('cs-106','class2',1),('cs-107','class2',1),('cs-108','class2',1),('cs-109','class3',1),('cs-110','class3',1),('cs-111','class3',1),('cs-112','class3',1),('cs-113','class4',1),('cs-114','class4',1),('cs-115','class4',1),('cs-116','class4',1),('me-101','class5',1),('me-102','class5',1),('me-103','class5',1),('me-104','class5',1);
/*!40000 ALTER TABLE `subjectclasses` ENABLE KEYS */;
UNLOCK TABLES;

--
-- Table structure for table `subjects`
--

DROP TABLE IF EXISTS `subjects`;
/*!40101 SET @saved_cs_client     = @@character_set_client */;
/*!40101 SET character_set_client = utf8 */;
CREATE TABLE `subjects` (
  `subjectid` varchar(45) NOT NULL,
  `subjectname` varchar(120) NOT NULL,
  `branchid` varchar(45) NOT NULL,
  PRIMARY KEY (`subjectid`),
  KEY `fk12_idx` (`branchid`),
  CONSTRAINT `fk12` FOREIGN KEY (`branchid`) REFERENCES `branches` (`branchid`) ON DELETE NO ACTION ON UPDATE NO ACTION
) ENGINE=InnoDB DEFAULT CHARSET=latin1;
/*!40101 SET character_set_client = @saved_cs_client */;

--
-- Dumping data for table `subjects`
--

LOCK TABLES `subjects` WRITE;
/*!40000 ALTER TABLE `subjects` DISABLE KEYS */;
INSERT INTO `subjects` VALUES ('cs-101','Computer Architecture','cse-1'),('cs-102','Object Oriented Programming using C++','cse-1'),('cs-103','Digital Circuits & Logic Design','cse-1'),('cs-104','Mathematics-III','cse-1'),('cs-105','Computer Networks-II','cse-1'),('cs-106','Relational Database Management System-II','cse-1'),('cs-107','Design & Analysis of Algorithms','cse-1'),('cs-108','Computer Graphics','cse-1'),('cs-109','Formal Language & Automata Theory','cse-1'),('cs-110','System Simulation and Modelling','cse-1'),('cs-111','Environmental Sciences','cse-1'),('cs-112','Expert System','cse-1'),('cs-113','Formal Language & Automata Theory','cse-1'),('cs-114','System Simulation and Modelling','cse-1'),('cs-115','Environmental Sciences','cse-1'),('cs-116','Expert System','cse-1'),('me-101','Theory of Machines-I','mech-1'),('me-102','Strength of Materials- I','mech-1'),('me-103','Machine Drawing','mech-1'),('me-104','Applied Thermodynamics -I','mech-1');
/*!40000 ALTER TABLE `subjects` ENABLE KEYS */;
UNLOCK TABLES;

--
-- Table structure for table `teachersubject`
--

DROP TABLE IF EXISTS `teachersubject`;
/*!40101 SET @saved_cs_client     = @@character_set_client */;
/*!40101 SET character_set_client = utf8 */;
CREATE TABLE `teachersubject` (
  `userid` varchar(45) NOT NULL,
  `subjectid` varchar(45) NOT NULL,
  `status` tinyint(1) NOT NULL DEFAULT '1',
  PRIMARY KEY (`userid`,`subjectid`),
  KEY `fk32` (`subjectid`),
  CONSTRAINT `fk31` FOREIGN KEY (`userid`) REFERENCES `users` (`userid`),
  CONSTRAINT `fk32` FOREIGN KEY (`subjectid`) REFERENCES `subjects` (`subjectid`)
) ENGINE=InnoDB DEFAULT CHARSET=latin1;
/*!40101 SET character_set_client = @saved_cs_client */;

--
-- Dumping data for table `teachersubject`
--

LOCK TABLES `teachersubject` WRITE;
/*!40000 ALTER TABLE `teachersubject` DISABLE KEYS */;
/*!40000 ALTER TABLE `teachersubject` ENABLE KEYS */;
UNLOCK TABLES;

--
-- Table structure for table `testdata`
--

DROP TABLE IF EXISTS `testdata`;
/*!40101 SET @saved_cs_client     = @@character_set_client */;
/*!40101 SET character_set_client = utf8 */;
CREATE TABLE `testdata` (
  `testid` varchar(45) NOT NULL,
  `questiono` int(11) NOT NULL,
  `question` varchar(45) NOT NULL,
  `opt1` varchar(45) NOT NULL,
  `opt2` varchar(45) NOT NULL,
  `opt3` varchar(45) DEFAULT NULL,
  `opt4` varchar(45) DEFAULT NULL,
  `answer` varchar(45) NOT NULL,
  PRIMARY KEY (`testid`),
  CONSTRAINT `fk24` FOREIGN KEY (`testid`) REFERENCES `testnotice` (`testid`) ON DELETE NO ACTION ON UPDATE NO ACTION
) ENGINE=InnoDB DEFAULT CHARSET=latin1;
/*!40101 SET character_set_client = @saved_cs_client */;

--
-- Dumping data for table `testdata`
--

LOCK TABLES `testdata` WRITE;
/*!40000 ALTER TABLE `testdata` DISABLE KEYS */;
/*!40000 ALTER TABLE `testdata` ENABLE KEYS */;
UNLOCK TABLES;

--
-- Table structure for table `testfolder`
--

DROP TABLE IF EXISTS `testfolder`;
/*!40101 SET @saved_cs_client     = @@character_set_client */;
/*!40101 SET character_set_client = utf8 */;
CREATE TABLE `testfolder` (
  `userid` varchar(45) NOT NULL,
  `testid` varchar(45) NOT NULL,
  `marks` int(11) DEFAULT NULL,
  `status` tinyint(1) DEFAULT '0',
  PRIMARY KEY (`userid`,`testid`) USING BTREE,
  KEY `fk22_idx` (`testid`),
  CONSTRAINT `fk22` FOREIGN KEY (`testid`) REFERENCES `testdata` (`testid`) ON DELETE NO ACTION ON UPDATE NO ACTION,
  CONSTRAINT `fk23` FOREIGN KEY (`userid`) REFERENCES `users` (`userid`) ON DELETE NO ACTION ON UPDATE NO ACTION
) ENGINE=InnoDB DEFAULT CHARSET=latin1;
/*!40101 SET character_set_client = @saved_cs_client */;

--
-- Dumping data for table `testfolder`
--

LOCK TABLES `testfolder` WRITE;
/*!40000 ALTER TABLE `testfolder` DISABLE KEYS */;
/*!40000 ALTER TABLE `testfolder` ENABLE KEYS */;
UNLOCK TABLES;

--
-- Table structure for table `testnotice`
--

DROP TABLE IF EXISTS `testnotice`;
/*!40101 SET @saved_cs_client     = @@character_set_client */;
/*!40101 SET character_set_client = utf8 */;
CREATE TABLE `testnotice` (
  `testid` varchar(45) NOT NULL,
  `testname` varchar(45) NOT NULL,
  `subjectid` varchar(45) NOT NULL,
  `classid` varchar(45) NOT NULL,
  `maximarks` int(11) NOT NULL,
  `dateoftest` date NOT NULL,
  `status` tinyint(1) NOT NULL DEFAULT '0',
  `maxitime` time NOT NULL,
  PRIMARY KEY (`testid`)
) ENGINE=InnoDB DEFAULT CHARSET=latin1;
/*!40101 SET character_set_client = @saved_cs_client */;

--
-- Dumping data for table `testnotice`
--

LOCK TABLES `testnotice` WRITE;
/*!40000 ALTER TABLE `testnotice` DISABLE KEYS */;
/*!40000 ALTER TABLE `testnotice` ENABLE KEYS */;
UNLOCK TABLES;

--
-- Table structure for table `userattendance`
--

DROP TABLE IF EXISTS `userattendance`;
/*!40101 SET @saved_cs_client     = @@character_set_client */;
/*!40101 SET character_set_client = utf8 */;
CREATE TABLE `userattendance` (
  `lectid` varchar(45) NOT NULL,
  `userid` varchar(45) NOT NULL,
  `lectsattended` int(11) DEFAULT NULL,
  `flag` tinyint(1) NOT NULL DEFAULT '0',
  PRIMARY KEY (`lectid`,`userid`) USING BTREE,
  KEY `fk25_idx` (`userid`),
  CONSTRAINT `fk25` FOREIGN KEY (`userid`) REFERENCES `users` (`userid`) ON DELETE NO ACTION ON UPDATE NO ACTION,
  CONSTRAINT `fk26` FOREIGN KEY (`lectid`) REFERENCES `attendance` (`lectid`) ON DELETE NO ACTION ON UPDATE NO ACTION
) ENGINE=InnoDB DEFAULT CHARSET=latin1;
/*!40101 SET character_set_client = @saved_cs_client */;

--
-- Dumping data for table `userattendance`
--

LOCK TABLES `userattendance` WRITE;
/*!40000 ALTER TABLE `userattendance` DISABLE KEYS */;
/*!40000 ALTER TABLE `userattendance` ENABLE KEYS */;
UNLOCK TABLES;

--
-- Table structure for table `userbranch`
--

DROP TABLE IF EXISTS `userbranch`;
/*!40101 SET @saved_cs_client     = @@character_set_client */;
/*!40101 SET character_set_client = utf8 */;
CREATE TABLE `userbranch` (
  `userid` varchar(45) NOT NULL,
  `branchid` varchar(45) NOT NULL,
  `status` tinyint(1) NOT NULL DEFAULT '1',
  PRIMARY KEY (`userid`),
  KEY `fk34` (`branchid`),
  CONSTRAINT `fk33` FOREIGN KEY (`userid`) REFERENCES `users` (`userid`),
  CONSTRAINT `fk34` FOREIGN KEY (`branchid`) REFERENCES `branches` (`branchid`)
) ENGINE=InnoDB DEFAULT CHARSET=latin1;
/*!40101 SET character_set_client = @saved_cs_client */;

--
-- Dumping data for table `userbranch`
--

LOCK TABLES `userbranch` WRITE;
/*!40000 ALTER TABLE `userbranch` DISABLE KEYS */;
INSERT INTO `userbranch` VALUES ('aman','cse-1',1),('manik','cse-1',1),('ram','cse-1',1),('sham','cse-1',1),('virdi','mech-1',1);
/*!40000 ALTER TABLE `userbranch` ENABLE KEYS */;
UNLOCK TABLES;

--
-- Table structure for table `userclasses`
--

DROP TABLE IF EXISTS `userclasses`;
/*!40101 SET @saved_cs_client     = @@character_set_client */;
/*!40101 SET character_set_client = utf8 */;
CREATE TABLE `userclasses` (
  `userid` varchar(45) NOT NULL,
  `classid` varchar(45) NOT NULL,
  `status` tinyint(1) NOT NULL DEFAULT '1',
  `subjectid` varchar(45) NOT NULL,
  `branchid` varchar(45) NOT NULL,
  PRIMARY KEY (`userid`,`classid`,`subjectid`,`branchid`) USING BTREE,
  KEY `fk11_idx` (`classid`),
  CONSTRAINT `fk10` FOREIGN KEY (`userid`) REFERENCES `users` (`userid`) ON DELETE NO ACTION ON UPDATE NO ACTION,
  CONSTRAINT `fk11` FOREIGN KEY (`classid`) REFERENCES `classes` (`classid`) ON DELETE NO ACTION ON UPDATE NO ACTION
) ENGINE=InnoDB DEFAULT CHARSET=latin1;
/*!40101 SET character_set_client = @saved_cs_client */;

--
-- Dumping data for table `userclasses`
--

LOCK TABLES `userclasses` WRITE;
/*!40000 ALTER TABLE `userclasses` DISABLE KEYS */;
INSERT INTO `userclasses` VALUES ('aman','class1',1,'cs-101','cse-1'),('aman','class2',1,'cs-105','cse-1');
/*!40000 ALTER TABLE `userclasses` ENABLE KEYS */;
UNLOCK TABLES;

--
-- Table structure for table `usergrades`
--

DROP TABLE IF EXISTS `usergrades`;
/*!40101 SET @saved_cs_client     = @@character_set_client */;
/*!40101 SET character_set_client = utf8 */;
CREATE TABLE `usergrades` (
  `userid` varchar(45) NOT NULL,
  `domainid` varchar(45) NOT NULL,
  `gradeobtained` int(11) DEFAULT '0',
  `subjectid` varchar(45) NOT NULL,
  PRIMARY KEY (`userid`,`subjectid`,`domainid`),
  KEY `fk30_idx` (`domainid`),
  CONSTRAINT `fk29` FOREIGN KEY (`userid`) REFERENCES `users` (`userid`) ON DELETE NO ACTION ON UPDATE NO ACTION,
  CONSTRAINT `fk30` FOREIGN KEY (`domainid`) REFERENCES `gradedomains` (`domainid`) ON DELETE NO ACTION ON UPDATE NO ACTION
) ENGINE=InnoDB DEFAULT CHARSET=latin1;
/*!40101 SET character_set_client = @saved_cs_client */;

--
-- Dumping data for table `usergrades`
--

LOCK TABLES `usergrades` WRITE;
/*!40000 ALTER TABLE `usergrades` DISABLE KEYS */;
/*!40000 ALTER TABLE `usergrades` ENABLE KEYS */;
UNLOCK TABLES;

--
-- Table structure for table `usergroups`
--

DROP TABLE IF EXISTS `usergroups`;
/*!40101 SET @saved_cs_client     = @@character_set_client */;
/*!40101 SET character_set_client = utf8 */;
CREATE TABLE `usergroups` (
  `userid` varchar(45) NOT NULL,
  `groupid` varchar(45) NOT NULL,
  `status` varchar(45) NOT NULL DEFAULT '1',
  PRIMARY KEY (`userid`,`groupid`),
  KEY `fk2_idx` (`groupid`),
  CONSTRAINT `fk1` FOREIGN KEY (`userid`) REFERENCES `users` (`userid`) ON DELETE NO ACTION ON UPDATE NO ACTION,
  CONSTRAINT `fk2` FOREIGN KEY (`groupid`) REFERENCES `groups` (`groupid`) ON DELETE NO ACTION ON UPDATE NO ACTION
) ENGINE=InnoDB DEFAULT CHARSET=latin1;
/*!40101 SET character_set_client = @saved_cs_client */;

--
-- Dumping data for table `usergroups`
--

LOCK TABLES `usergroups` WRITE;
/*!40000 ALTER TABLE `usergroups` DISABLE KEYS */;
INSERT INTO `usergroups` VALUES ('aman','1002','1'),('aman','1003','1'),('aman','2001','1'),('amar','1004','1'),('amrinder','1004','1'),('amritpal','1003','1'),('amritpal','2001','1'),('ashu','1004','1'),('avinash','1003','1'),('avinash','2001','1'),('babbar','1004','1'),('bagga','1004','1'),('balkar','1004','1'),('bhaskar','1004','1'),('bhinder','1004','1'),('charna','1004','1'),('davinder','1004','1'),('deep','1004','1'),('gogi','1004','1'),('goldy','1004','1'),('gora','1004','1'),('gurdas','1004','1'),('happy','1004','1'),('harcharan','1004','1'),('harjeet','1003','1'),('harjeet','2001','1'),('harjinder','1004','1'),('harman','1004','1'),('harpreet','1003','1'),('harpreet','2001','1'),('heli','1004','1'),('hodcse','1002','1'),('hodcse','2001','1'),('hodme','1002','1'),('hodme','2002','1'),('ishu','1004','1'),('jagdish','1003','1'),('jagdish','2001','1'),('jaggi','1004','1'),('jaspal','1004','1'),('jassa','1004','1'),('jatinder','1004','1'),('jeevan','1004','1'),('jugal','1004','1'),('kaka','1004','1'),('kala','1004','1'),('kamal','1004','1'),('kevy','1004','1'),('kiran','1003','1'),('kiran','2001','1'),('kulwnat','1004','1'),('lakha','1004','1'),('lakhi','1004','1'),('major','1004','1'),('makhan','1004','1'),('manik','1001','1'),('manjeet','1004','1'),('midha','1004','1'),('mirtunjay','1004','1'),('narinder','1004','1'),('navneet','1003','1'),('navneet','2001','1'),('nikhil','1004','1'),('nikka','1004','1'),('pamma','1004','1'),('partap','1003','1'),('partap','2002','1'),('parteek','1004','1'),('prakhar','1004','1'),('prince','1003','1'),('prince','2001','1'),('rajdavinder','1003','1'),('rajdavinder','2001','1'),('rajesh','1004','1'),('rajiv','1003','1'),('rajiv','2001','1'),('rajnikant','1004','1'),('rajveer','1003','1'),('rajveer','2002','1'),('ram','1001','1'),('ranveer','1004','1'),('roomi','1004','1'),('root','1001','1'),('sam','1004','1'),('sampooran','1004','1'),('satnam','1004','1'),('saudagar','1004','1'),('sewak','1004','1'),('sham','1001','1'),('soma','1004','1'),('sukha','1004','1'),('sukhjot','1004','1'),('taranjeet','1003','1'),('taranjeet','2001','1'),('vinay','1003','1'),('vinay','2001','1'),('virdi','1003','1'),('yadwinder','1003','1'),('yadwinder','2002','1');
/*!40000 ALTER TABLE `usergroups` ENABLE KEYS */;
UNLOCK TABLES;

--
-- Table structure for table `users`
--

DROP TABLE IF EXISTS `users`;
/*!40101 SET @saved_cs_client     = @@character_set_client */;
/*!40101 SET character_set_client = utf8 */;
CREATE TABLE `users` (
  `userid` varchar(45) NOT NULL,
  `password` varchar(45) NOT NULL,
  `status` tinyint(1) NOT NULL DEFAULT '1',
  PRIMARY KEY (`userid`)
) ENGINE=InnoDB DEFAULT CHARSET=latin1;
/*!40101 SET character_set_client = @saved_cs_client */;

--
-- Dumping data for table `users`
--

LOCK TABLES `users` WRITE;
/*!40000 ALTER TABLE `users` DISABLE KEYS */;
INSERT INTO `users` VALUES ('aman','aman',1),('amar','amar',1),('amrinder','amrinder',1),('amritpal','amritpal',1),('ashu','ashu',1),('avinash','avinash',1),('babbar','babbar',1),('bagga','bagga',1),('balkar','balkar',1),('bhaskar','bhaskar',1),('bhinder','bhinder',1),('charna','charna',1),('davinder','davinder',1),('deep','deep',1),('gogi','gogi',1),('goldy','goldy',1),('gora','gora',1),('gurdas','gurdas',1),('happy','happy',1),('harcharan','harcharan',1),('harjeet','harjeet',1),('harjinder','harjinder',1),('harman','haman',1),('harpreet','harpreet',1),('heli','heli',1),('hodcse','hodcse',1),('hodme','hodme',1),('ishu','ishu',1),('jagdish','jagdish',1),('jaggi','jaggi',1),('jaspal','jaspal',1),('jassa','jassa',1),('jatinder','jatinder',1),('jeevan','jeevan',1),('jugal','jugal',1),('kaka','kaka',1),('kala','kala',1),('kamal','kamal',1),('kevy','kevy',1),('kiran','kiran',1),('kulwnat','kulwnat',1),('lakha','lakha',1),('lakhi','lakhi',1),('major','major',1),('makhan','makhan',1),('manik','manik',1),('manjeet','manjeet',1),('midha','midha',1),('mirtunjay','mirtunjay',1),('narinder','narinder',1),('navneet','navneet',1),('nikhil','nikhil',1),('nikka','nikka',1),('pamma','pamma',1),('partap','partap',1),('parteek','parteek',1),('prakhar','prakhar',1),('prince','prince',1),('rajdavinder','rajdavinder',1),('rajesh','rajesh',1),('rajiv','rajiv',1),('rajnikant','rajnikant',1),('rajveer','rajveer',1),('ram','ram',1),('ranveer','ranveer',1),('roomi','roomi',1),('root','redhat',1),('sam','sam',1),('sampooran','sampooran',1),('satnam','satnam',1),('saudagar','saudagar',1),('sewak','sewak',1),('sham','sham',1),('soma','soma',1),('sukha','sukha',1),('sukhjot','sukhjot',1),('taranjeet','taranjeet',1),('vinay','vinay',1),('virdi','virdi',1),('yadwinder','yadwinder',1);
/*!40000 ALTER TABLE `users` ENABLE KEYS */;
UNLOCK TABLES;
/*!40103 SET TIME_ZONE=@OLD_TIME_ZONE */;

/*!40101 SET SQL_MODE=@OLD_SQL_MODE */;
/*!40014 SET FOREIGN_KEY_CHECKS=@OLD_FOREIGN_KEY_CHECKS */;
/*!40014 SET UNIQUE_CHECKS=@OLD_UNIQUE_CHECKS */;
/*!40101 SET CHARACTER_SET_CLIENT=@OLD_CHARACTER_SET_CLIENT */;
/*!40101 SET CHARACTER_SET_RESULTS=@OLD_CHARACTER_SET_RESULTS */;
/*!40101 SET COLLATION_CONNECTION=@OLD_COLLATION_CONNECTION */;
/*!40111 SET SQL_NOTES=@OLD_SQL_NOTES */;

-- Dump completed on 2013-10-29 14:31:10
